{
  "1": {
    "dp_2b_ip": 0.053871457311384874,
    "dp_ss_ip": 0.025093283571548147
  },
  "2": {
    "dp_2b_ip": 0.05006861379911663,
    "dp_ss_ip": 0.0194769390964045
  },
  "3": {
    "dp_2b_ip": 0.05059057442907245,
    "dp_ss_ip": 0.01952076985973943
  },
  "4": {
    "dp_2b_ip": 0.05607619285676028,
    "dp_ss_ip": 0.02247828122293185
  },
  "5": {
    "dp_2b_ip": 0.0531866781978476,
    "dp_ss_ip": 0.022191682971765964
  },
  "6": {
    "dp_2b_ip": 0.05638406592730143,
    "dp_ss_ip": 0.023191660714240725
  },
  "7": {
    "dp_2b_ip": 0.051478520350912084,
    "dp_ss_ip": 0.021404855034565903
  },
  "8": {
    "dp_2b_ip": 0.051777200208334186,
    "dp_ss_ip": 0.0250374973246397
  },
  "9": {
    "dp_2b_ip": 0.05391185417913045,
    "dp_ss_ip": 0.020819036631469598
  },
  "10": {
    "dp_2b_ip": 0.04947414124587739,
    "dp_ss_ip": 0.022478324356071014
  },
  "11": {
    "dp_2b_ip": 0.0552770168191937,
    "dp_ss_ip": 0.02310257011241805
  },
  "12": {
    "dp_2b_ip": 0.048827894110953306,
    "dp_ss_ip": 0.020790049352539385
  },
  "13": {
    "dp_2b_ip": 0.05274855131161988,
    "dp_ss_ip": 0.023651445918508016
  },
  "14": {
    "dp_2b_ip": 0.0535447030280587,
    "dp_ss_ip": 0.02214685143950556
  },
  "15": {
    "dp_2b_ip": 0.05415236821748299,
    "dp_ss_ip": 0.02214932331361278
  },
  "16": {
    "dp_2b_ip": 0.052985875150968524,
    "dp_ss_ip": 0.02490698472825332
  },
  "17": {
    "dp_2b_ip": 0.056742993822447,
    "dp_ss_ip": 0.022716056148092547
  },
  "18": {
    "dp_2b_ip": 0.05023430296409105,
    "dp_ss_ip": 0.02107529083227523
  },
  "19": {
    "dp_2b_ip": 0.052422749588017487,
    "dp_ss_ip": 0.024922105526056552
  },
  "20": {
    "dp_2b_ip": 0.053388734981648804,
    "dp_ss_ip": 0.023309055223850232
  },
  "21": {
    "dp_2b_ip": 0.0494096780368281,
    "dp_ss_ip": 0.020406960215146434
  },
  "22": {
    "dp_2b_ip": 0.05555438050525946,
    "dp_ss_ip": 0.022811458363181266
  },
  "23": {
    "dp_2b_ip": 0.057421221403601,
    "dp_ss_ip": 0.022306530660315644
  },
  "24": {
    "dp_2b_ip": 0.053669089640683655,
    "dp_ss_ip": 0.02341292036887917
  },
  "25": {
    "dp_2b_ip": 0.05644398844043952,
    "dp_ss_ip": 0.023760444662104734
  },
  "26": {
    "dp_2b_ip": 0.04738573786528916,
    "dp_ss_ip": 0.020322159879407112
  },
  "27": {
    "dp_2b_ip": 0.04957340821101882,
    "dp_ss_ip": 0.02390509541823858
  },
  "28": {
    "dp_2b_ip": 0.0478929963834007,
    "dp_ss_ip": 0.0225329881109876
  },
  "29": {
    "dp_2b_ip": 0.05446983611284643,
    "dp_ss_ip": 0.02321950418697289
  },
  "30": {
    "dp_2b_ip": 0.05647339329558702,
    "dp_ss_ip": 0.025940177069790578
  },
  "31": {
    "dp_2b_ip": 0.04993874735861311,
    "dp_ss_ip": 0.022614412990143863
  },
  "32": {
    "dp_2b_ip": 0.05096945173669032,
    "dp_ss_ip": 0.022102200913852586
  },
  "_ss_linest_player_ids": [
    1498,
    1440,
    1450,
    720,
    1438,
    220,
    1458,
    1408,
    871,
    1188,
    1419,
    1269,
    1512,
    1405,
    1163,
    1396,
    1453,
    1398,
    1511,
    1443,
    1195,
    1245,
    1449,
    1491,
    1501
  ]
}